[{"title":"Clock","tag":"clock"},{"title":"Globe Americas","tag":"globe-americas"},{"title":"Award","tag":"award"},{"title":"Baby","tag":"baby"},{"title":"Balance","tag":"balance-scale"},{"title":"Ban","tag":"ban"},{"title":"Barcode","tag":"barcode"},{"title":"Battery (Full)","tag":"battery-full"},{"title":"Blind","tag":"blind"},{"title":"Bolt","tag":"bolt"},{"title":"Book","tag":"book"},{"title":"Medical Book","tag":"book-medical"},{"title":"Calendar","tag":"calendar-alt"},{"title":"Cart with Down Arrow","tag":"cart-arrow-down"},{"title":"Certificate","tag":"certificate"},{"title":"Check","tag":"check"},{"title":"Check Circle","tag":"check-circle"},{"title":"Check Square","tag":"check-square"},{"title":"Clipboard List","tag":"clipboard-list"},{"title":"Cloud","tag":"cloud"},{"title":"Asterisk","tag":"asterisk"},{"title":"Alias","tag":"at"},{"title":"Cog","tag":"cog"},{"title":"Cogs","tag":"cogs"},{"title":"Comment Dollat","tag":"comment-dollar"},{"title":"Compass","tag":"compass"},{"title":"Copyright","tag":"copyright"},{"title":"Cubes","tag":"cubes"},{"title":"Dollar Sign","tag":"dollar-sign"}]