[{"title":"Clock","tag":"clock","type":"fas"},{"title":"Globe Americas","tag":"globe-americas","type":"fas"},{"title":"Award","tag":"award","type":"fas"},{"title":"Baby","tag":"baby","type":"fas"},{"title":"Ban","tag":"ban","type":"fas"},{"title":"Barcode","tag":"barcode","type":"fas"},{"title":"Battery (Full)","tag":"battery-full","type":"fas"},{"title":"Blind","tag":"blind","type":"fas"},{"title":"Bolt","tag":"bolt","type":"fas"},{"title":"Book","tag":"book","type":"fas"},{"title":"Medical Book","tag":"book-medical","type":"fas"},{"title":"Calendar","tag":"calendar-alt","type":"fas"},{"title":"Certificate","tag":"certificate","type":"fas"},{"title":"Check","tag":"check","type":"fas"},{"title":"Check Circle","tag":"check-circle","type":"fas"},{"title":"Check Square","tag":"check-square","type":"fas"},{"title":"Clipboard List","tag":"clipboard-list","type":"fas"},{"title":"Cloud","tag":"cloud","type":"fas"},{"title":"Asterisk","tag":"asterisk","type":"fas"},{"title":"Alias","tag":"at","type":"fas"},{"title":"Cog","tag":"cog","type":"fas"},{"title":"Cogs","tag":"cogs","type":"fas"},{"title":"Compass","tag":"compass","type":"fas"},{"title":"Copyright","tag":"copyright","type":"fas"},{"title":"Cubes","tag":"cubes","type":"fas"},{"title":"Dollar Sign","tag":"dollar-sign","type":"fas"},{"title":"Apple Pay","tag":"apple-pay","type":"fab"},{"title":"Amazon Pay","tag":"amazon-pay","type":"fab"},{"title":"PayPal","tag":"paypal","type":"fab"},{"title":"PayPal Rect","tag":"cc-paypal","type":"fab"},{"title":"Apple Pay Rect","tag":"cc-apple-pay","type":"fab"},{"title":"Amazon Pay Rect","tag":"cc-amazon-pay","type":"fab"},{"title":"AliPay","tag":"alipay","type":"fab"},{"title":"GratiPay","tag":"gratipay","type":"fab"},{"title":"Stripe - S","tag":"stripe-s","type":"fab"},{"title":"stripe","tag":"stripe","type":"fab"},{"title":"Google Wallet","tag":"google-wallet","type":"fab"},{"title":"VISA Rect","tag":"cc-visa","type":"fab"},{"title":"Stripe Rect","tag":"cc-stripe","type":"fab"},{"title":"Mastercard Rect","tag":"cc-mastercard","type":"fab"},{"title":"JCB Rect","tag":"cc-jcb","type":"fab"},{"title":"Discover Rect","tag":"cc-discover","type":"fab"},{"title":"Diners Club Rect","tag":"cc-diners-club","type":"fab"},{"title":"AMEX Rect","tag":"cc-amex","type":"fab"},{"title":"Ethereum","tag":"ethereum","type":"fab"},{"title":"Bitcoin","tag":"btc","type":"fab"},{"title":"Bitcoin Circle","tag":"bitcoin","type":"fab"}]